,State-Station,Date,Max Temp,Rain
0,ACT-Canberra Airport ,2019-05,16.587096774193547,1.4903225806451617
1,ACT-Canberra Airport ,2019-06,14.059999999999999,0.6
2,ACT-Canberra Airport ,2019-07,13.674193548387098,0.16129032258064518
3,ACT-Canberra Airport ,2019-08,14.180645161290323,0.5741935483870968
4,ACT-Canberra Airport ,2019-09,18.763333333333335,1.3333333333333333
5,ACT-Canberra Airport ,2019-10,23.6,0.8903225806451613
6,ACT-Canberra Airport ,2019-11,26.82666666666666,0.42
7,ACT-Canberra Airport ,2019-12,31.687096774193545,0.03870967741935484
8,ACT-Canberra Airport ,2020-01,31.725806451612897,0.5161290322580645
9,ACT-Canberra Airport ,2020-02,27.686206896551724,2.7586206896551726
10,ACT-Canberra Airport ,2020-03,23.43225806451613,3.2193548387096778
11,ACT-Canberra Airport ,2020-04,18.93,2.3866666666666663
12,ACT-Canberra Airport ,2020-05,15.038709677419359,0.8645161290322579
13,ACT-Canberra Airport ,2020-06,13.733333333333334,2.0000000000000004
14,ACT-Tuggeranong (Isabella Plains) AWS ,2019-05,16.41935483870968,1.7806451612903225
15,ACT-Tuggeranong (Isabella Plains) AWS ,2019-06,13.686666666666666,0.5933333333333333
16,ACT-Tuggeranong (Isabella Plains) AWS ,2019-07,13.577419354838709,0.22580645161290325
17,ACT-Tuggeranong (Isabella Plains) AWS ,2019-08,14.051612903225806,0.6000000000000001
18,ACT-Tuggeranong (Isabella Plains) AWS ,2019-09,18.619999999999997,1.1
19,ACT-Tuggeranong (Isabella Plains) AWS ,2019-10,23.274193548387103,0.7548387096774193
20,ACT-Tuggeranong (Isabella Plains) AWS ,2019-11,26.170000000000005,0.7666666666666667
21,ACT-Tuggeranong (Isabella Plains) AWS ,2019-12,31.235483870967744,0.025806451612903226
22,ACT-Tuggeranong (Isabella Plains) AWS ,2020-01,31.290322580645157,0.8645161290322579
23,ACT-Tuggeranong (Isabella Plains) AWS ,2020-02,27.20344827586207,4.468965517241379
24,ACT-Tuggeranong (Isabella Plains) AWS ,2020-03,23.319999999999997,3.313333333333333
25,ACT-Tuggeranong (Isabella Plains) AWS ,2020-04,18.999999999999996,2.6799999999999997
26,ACT-Tuggeranong (Isabella Plains) AWS ,2020-05,15.103225806451613,0.7548387096774193
27,ACT-Tuggeranong (Isabella Plains) AWS ,2020-06,13.941666666666665,2.3083333333333336
28,NSW-Bellambi AWS ,2019-05,20.961290322580645,0.23225806451612901
29,NSW-Bellambi AWS ,2019-06,17.52333333333333,4.206666666666667
30,NSW-Bellambi AWS ,2019-07,17.909677419354836,0.8838709677419355
31,NSW-Bellambi AWS ,2019-08,17.774193548387103,2.7612903225806456
32,NSW-Bellambi AWS ,2019-09,19.79666666666667,3.3466666666666667
33,NSW-Bellambi AWS ,2019-10,22.132258064516133,2.116129032258064
34,NSW-Bellambi AWS ,2019-11,23.896666666666665,0.6333333333333333
35,NSW-Bellambi AWS ,2019-12,24.44193548387097,0.19999999999999998
36,NSW-Bellambi AWS ,2020-01,25.599999999999998,2.064516129032258
37,NSW-Bellambi AWS ,2020-02,24.634482758620685,13.779310344827588
38,NSW-Bellambi AWS ,2020-03,23.500000000000004,5.29032258064516
39,NSW-Bellambi AWS ,2020-04,23.06666666666667,1.1266666666666665
40,NSW-Bellambi AWS ,2020-05,19.190322580645166,3.2064516129032254
41,NSW-Bellambi AWS ,2020-06,17.976,0.7839999999999999
42,NSW-Newcastle University ,2019-05,22.62413793103448,2.013793103448276
43,NSW-Newcastle University ,2019-06,18.676,5.904
44,NSW-Newcastle University ,2019-07,19.55238095238095,1.7428571428571429
45,NSW-Newcastle University ,2019-08,20.9,2.617857142857143
46,NSW-Newcastle University ,2019-09,22.684615384615384,3.088461538461539
47,NSW-Newcastle University ,2019-10,25.285714285714285,1.1500000000000001
48,NSW-Newcastle University ,2019-11,28.314814814814813,0.9999999999999999
49,NSW-Newcastle University ,2019-12,30.447368421052627,0.0
50,NSW-Newcastle University ,2020-01,30.78275862068966,1.1586206896551723
51,NSW-Newcastle University ,2020-02,28.65555555555555,7.903703703703703
52,NSW-Newcastle University ,2020-03,26.744444444444454,6.362962962962963
53,NSW-Newcastle University ,2020-04,25.22142857142857,1.6285714285714286
54,NSW-Newcastle University ,2020-05,20.200000000000003,2.4137931034482762
55,NSW-Newcastle University ,2020-06,18.87222222222222,4.866666666666666
56,NSW-Penrith Lakes AWS ,2019-05,22.609677419354842,0.2967741935483871
57,NSW-Penrith Lakes AWS ,2019-06,18.823333333333334,1.5266666666666668
58,NSW-Penrith Lakes AWS ,2019-07,19.32,0.5066666666666667
59,NSW-Penrith Lakes AWS ,2019-08,20.474193548387095,0.3096774193548387
60,NSW-Penrith Lakes AWS ,2019-09,24.08,2.7999999999999994
61,NSW-Penrith Lakes AWS ,2019-10,27.809677419354834,0.8322580645161289
62,NSW-Penrith Lakes AWS ,2019-11,31.468965517241376,0.8551724137931034
63,NSW-Penrith Lakes AWS ,2019-12,33.45483870967742,0.0
64,NSW-Penrith Lakes AWS ,2020-01,32.496774193548376,2.645161290322581
65,NSW-Penrith Lakes AWS ,2020-02,28.806896551724144,12.30344827586207
66,NSW-Penrith Lakes AWS ,2020-03,26.329032258064515,2.6451612903225805
67,NSW-Penrith Lakes AWS ,2020-04,24.99,1.2866666666666664
68,NSW-Penrith Lakes AWS ,2020-05,20.667741935483868,1.909677419354839
69,NSW-Penrith Lakes AWS ,2020-06,19.158333333333335,0.6666666666666666
70,NSW-Sydney (Observatory Hill) ,2019-05,22.55806451612903,0.4709677419354839
71,NSW-Sydney (Observatory Hill) ,2019-06,18.469999999999995,5.713333333333333
72,NSW-Sydney (Observatory Hill) ,2019-07,19.703225806451616,1.4000000000000001
73,NSW-Sydney (Observatory Hill) ,2019-08,19.474193548387092,2.3548387096774195
74,NSW-Sydney (Observatory Hill) ,2019-09,21.696666666666665,3.76
75,NSW-Sydney (Observatory Hill) ,2019-10,24.35483870967742,1.103225806451613
76,NSW-Sydney (Observatory Hill) ,2019-11,26.589999999999996,0.8733333333333332
77,NSW-Sydney (Observatory Hill) ,2019-12,26.838709677419356,0.051612903225806445
78,NSW-Sydney (Observatory Hill) ,2020-01,28.06451612903225,2.303225806451613
79,NSW-Sydney (Observatory Hill) ,2020-02,27.06206896551724,15.22758620689655
80,NSW-Sydney (Observatory Hill) ,2020-03,25.345161290322576,5.174193548387097
81,NSW-Sydney (Observatory Hill) ,2020-04,24.35,0.9199999999999999
82,NSW-Sydney (Observatory Hill) ,2020-05,20.19354838709678,3.8322580645161293
83,NSW-Sydney (Observatory Hill) ,2020-06,18.820833333333336,2.4916666666666667
84,NT-Alice Springs Airport ,2019-05,23.937931034482755,1.110344827586207
85,NT-Alice Springs Airport ,2019-06,20.026666666666667,0.020000000000000004
86,NT-Alice Springs Airport ,2019-07,22.89354838709677,0.0
87,NT-Alice Springs Airport ,2019-08,21.954838709677414,0.0
88,NT-Alice Springs Airport ,2019-09,28.337931034482754,0.5655172413793104
89,NT-Alice Springs Airport ,2019-10,34.686666666666675,0.0
90,NT-Alice Springs Airport ,2019-11,35.053333333333335,0.0
91,NT-Alice Springs Airport ,2019-12,40.84516129032258,0.04516129032258064
92,NT-Alice Springs Airport ,2020-01,38.038709677419355,1.0580645161290323
93,NT-Alice Springs Airport ,2020-02,36.8448275862069,0.14482758620689656
94,NT-Alice Springs Airport ,2020-03,33.31935483870967,1.432258064516129
95,NT-Alice Springs Airport ,2020-04,31.54,0.3
96,NT-Alice Springs Airport ,2020-05,22.42903225806452,0.0
97,NT-Alice Springs Airport ,2020-06,20.40740740740741,0.0
98,NT-Darwin Airport ,2019-05,32.28387096774194,1.006451612903226
99,NT-Darwin Airport ,2019-06,31.023333333333326,0.0
100,NT-Darwin Airport ,2019-07,31.312903225806448,0.0
101,NT-Darwin Airport ,2019-08,31.970967741935482,0.0064516129032258064
102,NT-Darwin Airport ,2019-09,32.71666666666666,0.0
103,NT-Darwin Airport ,2019-10,34.31290322580646,0.6516129032258065
104,NT-Darwin Airport ,2019-11,34.489999999999995,2.906666666666667
105,NT-Darwin Airport ,2019-12,35.26129032258064,1.8903225806451616
106,NT-Darwin Airport ,2020-01,32.83548387096774,12.980645161290324
107,NT-Darwin Airport ,2020-02,33.37241379310345,7.427586206896551
108,NT-Darwin Airport ,2020-03,33.17741935483871,8.735483870967743
109,NT-Darwin Airport ,2020-04,33.68,4.180000000000001
110,NT-Darwin Airport ,2020-05,32.09032258064516,0.03870967741935485
111,NT-Darwin Airport ,2020-06,32.400000000000006,0.037037037037037035
112,NT-Tennant Creek Airport ,2019-05,28.22666666666667,0.3533333333333333
113,NT-Tennant Creek Airport ,2019-06,24.49615384615385,0.0
114,NT-Tennant Creek Airport ,2019-07,26.306896551724133,0.0
115,NT-Tennant Creek Airport ,2019-08,26.47241379310345,0.0
116,NT-Tennant Creek Airport ,2019-09,32.51153846153846,0.007692307692307693
117,NT-Tennant Creek Airport ,2019-10,36.909677419354836,0.025806451612903226
118,NT-Tennant Creek Airport ,2019-11,38.88518518518518,0.04444444444444445
119,NT-Tennant Creek Airport ,2019-12,41.39677419354838,1.0
120,NT-Tennant Creek Airport ,2020-01,38.4258064516129,2.135483870967742
121,NT-Tennant Creek Airport ,2020-02,37.69285714285714,5.7142857142857135
122,NT-Tennant Creek Airport ,2020-03,35.103448275862064,3.6689655172413795
123,NT-Tennant Creek Airport ,2020-04,34.726666666666674,0.13333333333333333
124,NT-Tennant Creek Airport ,2020-05,26.24333333333333,0.22000000000000003
125,NT-Tennant Creek Airport ,2020-06,26.305,0.0
126,QLD-Brisbane ,2019-05,24.877419354838707,0.8193548387096774
127,QLD-Brisbane ,2019-06,22.937931034482755,1.420689655172414
128,QLD-Brisbane ,2019-07,23.46451612903226,0.4645161290322581
129,QLD-Brisbane ,2019-08,24.090322580645164,0.1032258064516129
130,QLD-Brisbane ,2019-09,27.403333333333332,0.2933333333333333
131,QLD-Brisbane ,2019-10,26.764516129032266,1.7741935483870968
132,QLD-Brisbane ,2019-11,30.58333333333333,0.32000000000000006
133,QLD-Brisbane ,2019-12,31.89032258064516,6.703225806451612
134,QLD-Brisbane ,2020-01,30.81034482758621,5.710344827586207
135,QLD-Brisbane ,2020-02,29.87241379310345,12.613793103448277
136,QLD-Brisbane ,2020-03,28.27142857142857,0.9428571428571428
137,QLD-Brisbane ,2020-04,28.655172413793103,0.1793103448275862
138,QLD-Brisbane ,2020-05,24.035483870967738,0.39354838709677425
139,QLD-Brisbane ,2020-06,22.907999999999998,1.6159999999999997
140,QLD-Cairns Aero ,2019-05,28.09310344827586,2.772413793103449
141,QLD-Cairns Aero ,2019-06,26.11,1.2533333333333334
142,QLD-Cairns Aero ,2019-07,26.041935483870972,1.1935483870967742
143,QLD-Cairns Aero ,2019-08,27.02258064516129,0.8709677419354838
144,QLD-Cairns Aero ,2019-09,29.148275862068964,0.034482758620689655
145,QLD-Cairns Aero ,2019-10,29.672413793103445,2.3793103448275867
146,QLD-Cairns Aero ,2019-11,31.776000000000007,0.024000000000000004
147,QLD-Cairns Aero ,2019-12,32.27666666666667,2.32
148,QLD-Cairns Aero ,2020-01,32.225806451612904,17.2
149,QLD-Cairns Aero ,2020-02,33.53214285714285,10.435714285714285
150,QLD-Cairns Aero ,2020-03,31.319354838709682,4.335483870967742
151,QLD-Cairns Aero ,2020-04,30.739999999999995,1.793333333333333
152,QLD-Cairns Aero ,2020-05,27.503333333333337,5.046666666666667
153,QLD-Cairns Aero ,2020-06,27.084,1.496
154,QLD-Gold Coast Seaway ,2019-05,24.46129032258065,1.7161290322580647
155,QLD-Gold Coast Seaway ,2019-06,21.993333333333332,3.3400000000000003
156,QLD-Gold Coast Seaway ,2019-07,22.440000000000005,0.7533333333333333
157,QLD-Gold Coast Seaway ,2019-08,22.922580645161283,0.2064516129032258
158,QLD-Gold Coast Seaway ,2019-09,24.767857142857146,0.32142857142857145
159,QLD-Gold Coast Seaway ,2019-10,24.72352941176471,1.4588235294117646
160,QLD-Gold Coast Seaway ,2019-11,27.577777777777772,0.0
161,QLD-Gold Coast Seaway ,2019-12,28.835483870967746,4.70967741935484
162,QLD-Gold Coast Seaway ,2020-01,29.379310344827587,12.931034482758623
163,QLD-Gold Coast Seaway ,2020-02,28.56896551724138,21.7448275862069
164,QLD-Gold Coast Seaway ,2020-03,28.161290322580644,3.9225806451612897
165,QLD-Gold Coast Seaway ,2020-04,27.39333333333333,0.8999999999999999
166,QLD-Gold Coast Seaway ,2020-05,23.42258064516129,0.8129032258064516
167,QLD-Gold Coast Seaway ,2020-06,22.05454545454545,2.463636363636364
168,QLD-Townsville Aero ,2019-05,28.367741935483874,0.6516129032258065
169,QLD-Townsville Aero ,2019-06,25.903448275862072,0.4896551724137931
170,QLD-Townsville Aero ,2019-07,25.903225806451605,0.45806451612903226
171,QLD-Townsville Aero ,2019-08,26.922580645161286,0.012903225806451613
172,QLD-Townsville Aero ,2019-09,28.66333333333333,0.0
173,QLD-Townsville Aero ,2019-10,30.43870967741936,0.04516129032258064
174,QLD-Townsville Aero ,2019-11,31.576666666666664,0.060000000000000005
175,QLD-Townsville Aero ,2019-12,33.39354838709677,0.09677419354838711
176,QLD-Townsville Aero ,2020-01,32.96785714285714,9.450000000000001
177,QLD-Townsville Aero ,2020-02,33.37586206896551,9.841379310344829
178,QLD-Townsville Aero ,2020-03,31.322580645161295,3.335483870967743
179,QLD-Townsville Aero ,2020-04,31.236666666666668,0.37333333333333335
180,QLD-Townsville Aero ,2020-05,26.8,2.496774193548388
181,QLD-Townsville Aero ,2020-06,26.75,0.7166666666666665
182,SA-Adelaide (Kent Town) ,2019-05,18.877419354838715,2.8193548387096765
183,SA-Adelaide (Kent Town) ,2019-06,16.253333333333334,2.7533333333333334
184,SA-Adelaide (Kent Town) ,2019-07,16.419354838709673,1.2645161290322582
185,SA-Adelaide (Kent Town) ,2019-08,15.496551724137932,1.744827586206897
186,SA-Adelaide (Kent Town) ,2019-09,19.61379310344827,1.6620689655172411
187,SA-Adelaide (Kent Town) ,2019-10,24.55806451612904,0.6
188,SA-Adelaide (Kent Town) ,2019-11,24.113333333333333,0.5133333333333333
189,SA-Adelaide (Kent Town) ,2019-12,31.545161290322586,0.30322580645161284
190,SA-Adelaide (Kent Town) ,2020-01,29.622580645161296,0.7161290322580645
191,SA-Adelaide (Kent Town) ,2020-02,26.799999999999994,1.5310344827586204
192,SA-Adelaide (Kent Town) ,2020-03,26.00322580645161,0.14838709677419357
193,SA-Adelaide (Kent Town) ,2020-04,21.726666666666667,3.1400000000000006
194,SA-Adelaide (Kent Town) ,2020-05,17.654838709677417,1.72258064516129
195,SA-Adelaide (Kent Town) ,2020-06,15.847826086956522,2.6260869565217395
196,SA-Mount Gambier Aero ,2019-05,16.393103448275866,4.13103448275862
197,SA-Mount Gambier Aero ,2019-06,14.442857142857141,2.5142857142857147
198,SA-Mount Gambier Aero ,2019-07,14.155555555555553,4.148148148148148
199,SA-Mount Gambier Aero ,2019-08,13.882142857142856,2.3285714285714287
200,SA-Mount Gambier Aero ,2019-09,15.145833333333336,2.1999999999999997
201,SA-Mount Gambier Aero ,2019-10,20.07,1.36
202,SA-Mount Gambier Aero ,2019-11,18.789999999999996,2.1933333333333334
203,SA-Mount Gambier Aero ,2019-12,25.687096774193538,0.44516129032258067
204,SA-Mount Gambier Aero ,2020-01,26.316129032258058,0.8774193548387097
205,SA-Mount Gambier Aero ,2020-02,23.700000000000006,3.0785714285714283
206,SA-Mount Gambier Aero ,2020-03,23.470967741935482,0.37419354838709656
207,SA-Mount Gambier Aero ,2020-04,18.762068965517237,1.8275862068965518
208,SA-Mount Gambier Aero ,2020-05,15.625806451612902,3.290322580645161
209,SA-Mount Gambier Aero ,2020-06,14.08076923076923,3.7846153846153845
210,SA-North Shields (Port Lincoln AWS) ,2019-05,18.60666666666667,2.520000000000002
211,SA-North Shields (Port Lincoln AWS) ,2019-06,16.39666666666667,1.6333333333333333
212,SA-North Shields (Port Lincoln AWS) ,2019-07,16.270967741935486,0.7483870967741936
213,SA-North Shields (Port Lincoln AWS) ,2019-08,16.177419354838708,1.2000000000000004
214,SA-North Shields (Port Lincoln AWS) ,2019-09,18.610714285714288,1.107142857142857
215,SA-North Shields (Port Lincoln AWS) ,2019-10,23.106666666666666,0.5333333333333333
216,SA-North Shields (Port Lincoln AWS) ,2019-11,24.074999999999996,0.5571428571428572
217,SA-North Shields (Port Lincoln AWS) ,2019-12,27.522580645161288,0.2129032258064516
218,SA-North Shields (Port Lincoln AWS) ,2020-01,26.50322580645161,0.3741935483870968
219,SA-North Shields (Port Lincoln AWS) ,2020-02,24.82758620689655,0.2
220,SA-North Shields (Port Lincoln AWS) ,2020-03,24.56129032258064,0.22580645161290322
221,SA-North Shields (Port Lincoln AWS) ,2020-04,22.293333333333333,2.4200000000000004
222,SA-North Shields (Port Lincoln AWS) ,2020-05,17.970967741935482,1.7870967741935488
223,SA-North Shields (Port Lincoln AWS) ,2020-06,16.303999999999995,1.936
224,SA-Renmark Aero ,2019-05,20.748387096774195,0.4193548387096774
225,SA-Renmark Aero ,2019-06,16.96333333333333,0.6733333333333333
226,SA-Renmark Aero ,2019-07,17.5741935483871,0.4258064516129031
227,SA-Renmark Aero ,2019-08,17.68387096774193,0.16129032258064516
228,SA-Renmark Aero ,2019-09,22.490000000000002,0.47333333333333333
229,SA-Renmark Aero ,2019-10,27.164516129032254,0.05806451612903226
230,SA-Renmark Aero ,2019-11,27.966666666666665,0.8466666666666666
231,SA-Renmark Aero ,2019-12,33.59285714285714,0.08571428571428572
232,SA-Renmark Aero ,2020-01,32.42903225806452,0.3419354838709677
233,SA-Renmark Aero ,2020-02,30.151724137931033,0.5241379310344827
234,SA-Renmark Aero ,2020-03,27.73225806451613,0.5612903225806452
235,SA-Renmark Aero ,2020-04,22.626666666666665,1.5799999999999998
236,SA-Renmark Aero ,2020-05,18.496774193548386,0.21935483870967742
237,SA-Renmark Aero ,2020-06,16.692307692307693,0.4923076923076923
238,TAS-Devonport Airport ,2019-05,15.725806451612907,1.770967741935484
239,TAS-Devonport Airport ,2019-06,13.630000000000003,3.18
240,TAS-Devonport Airport ,2019-07,13.316129032258063,2.5096774193548392
241,TAS-Devonport Airport ,2019-08,13.16451612903226,1.2548387096774196
242,TAS-Devonport Airport ,2019-09,14.54,1.7866666666666666
243,TAS-Devonport Airport ,2019-10,16.49032258064516,0.3709677419354839
244,TAS-Devonport Airport ,2019-11,17.79666666666667,1.4600000000000002
245,TAS-Devonport Airport ,2019-12,20.51612903225806,0.41935483870967744
246,TAS-Devonport Airport ,2020-01,21.877419354838707,1.1580645161290322
247,TAS-Devonport Airport ,2020-02,21.662068965517243,1.3724137931034481
248,TAS-Devonport Airport ,2020-03,19.583870967741937,3.2870967741935484
249,TAS-Devonport Airport ,2020-04,16.866666666666667,3.593333333333333
250,TAS-Devonport Airport ,2020-05,14.845161290322583,1.6516129032258065
251,TAS-Devonport Airport ,2020-06,13.674074074074069,1.4666666666666668
252,TAS-Hobart (Ellerslie Road) ,2019-05,15.727586206896548,0.8068965517241379
253,TAS-Hobart (Ellerslie Road) ,2019-06,13.553333333333333,0.6466666666666666
254,TAS-Hobart (Ellerslie Road) ,2019-07,13.490322580645161,1.503225806451613
255,TAS-Hobart (Ellerslie Road) ,2019-08,13.738709677419354,3.2322580645161287
256,TAS-Hobart (Ellerslie Road) ,2019-09,16.772413793103446,1.1931034482758625
257,TAS-Hobart (Ellerslie Road) ,2019-10,18.83548387096774,0.5677419354838709
258,TAS-Hobart (Ellerslie Road) ,2019-11,20.190000000000005,1.3599999999999999
259,TAS-Hobart (Ellerslie Road) ,2019-12,21.841935483870966,0.5161290322580645
260,TAS-Hobart (Ellerslie Road) ,2020-01,24.348387096774193,1.0838709677419356
261,TAS-Hobart (Ellerslie Road) ,2020-02,20.810344827586206,0.5448275862068965
262,TAS-Hobart (Ellerslie Road) ,2020-03,19.85,2.4000000000000004
263,TAS-Hobart (Ellerslie Road) ,2020-04,17.276666666666667,2.6
264,TAS-Hobart (Ellerslie Road) ,2020-05,15.461290322580645,0.5096774193548387
265,TAS-Hobart (Ellerslie Road) ,2020-06,12.98965517241379,3.0896551724137935
266,TAS- Launceston (Ti Tree Bend) ,2019-05,15.961290322580643,2.6516129032258067
267,TAS- Launceston (Ti Tree Bend) ,2019-06,13.616666666666669,2.8699999999999997
268,TAS- Launceston (Ti Tree Bend) ,2019-07,13.334482758620691,3.0137931034482754
269,TAS- Launceston (Ti Tree Bend) ,2019-08,13.916129032258066,1.1451612903225807
270,TAS- Launceston (Ti Tree Bend) ,2019-09,16.58333333333334,1.5299999999999998
271,TAS- Launceston (Ti Tree Bend) ,2019-10,18.961290322580645,0.6258064516129032
272,TAS- Launceston (Ti Tree Bend) ,2019-11,19.553333333333335,1.1233333333333329
273,TAS- Launceston (Ti Tree Bend) ,2019-12,23.719354838709677,0.3419354838709678
274,TAS- Launceston (Ti Tree Bend) ,2020-01,25.296774193548384,1.3129032258064517
275,TAS- Launceston (Ti Tree Bend) ,2020-02,24.02068965517241,2.106896551724138
276,TAS- Launceston (Ti Tree Bend) ,2020-03,21.451724137931034,3.5103448275862066
277,TAS- Launceston (Ti Tree Bend) ,2020-04,17.53666666666667,4.6866666666666665
278,TAS- Launceston (Ti Tree Bend) ,2020-05,15.530434782608696,2.304347826086957
279,TAS- Launceston (Ti Tree Bend) ,2020-06,13.20952380952381,0.7619047619047619
280,VIC-Albury Airport AWS ,2019-05,17.163333333333334,3.520000000000001
281,VIC-Albury Airport AWS ,2019-06,13.93333333333333,1.5925925925925923
282,VIC-Albury Airport AWS ,2019-07,13.629032258064516,1.2838709677419355
283,VIC-Albury Airport AWS ,2019-08,14.074193548387095,1.0838709677419358
284,VIC-Albury Airport AWS ,2019-09,17.993333333333336,0.6866666666666666
285,VIC-Albury Airport AWS ,2019-10,24.31612903225807,0.49032258064516127
286,VIC-Albury Airport AWS ,2019-11,26.766666666666662,0.7666666666666665
287,VIC-Albury Airport AWS ,2019-12,32.79677419354839,0.4
288,VIC-Albury Airport AWS ,2020-01,33.12903225806453,0.7741935483870968
289,VIC-Albury Airport AWS ,2020-02,31.013793103448275,0.8344827586206897
290,VIC-Albury Airport AWS ,2020-03,26.20322580645161,4.187096774193548
291,VIC-Albury Airport AWS ,2020-04,20.346666666666668,3.8800000000000003
292,VIC-Albury Airport AWS ,2020-05,16.3,1.1677419354838707
293,VIC-Albury Airport AWS ,2020-06,13.536,2.3280000000000003
294,VIC-Ballarat Aerodrome ,2019-05,13.848387096774196,4.464516129032259
295,VIC-Ballarat Aerodrome ,2019-06,11.370000000000003,3.246666666666667
296,VIC-Ballarat Aerodrome ,2019-07,11.035483870967742,1.6129032258064513
297,VIC-Ballarat Aerodrome ,2019-08,10.600000000000005,2.438709677419354
298,VIC-Ballarat Aerodrome ,2019-09,13.923333333333327,1.5533333333333337
299,VIC-Ballarat Aerodrome ,2019-10,18.863333333333337,0.9999999999999999
300,VIC-Ballarat Aerodrome ,2019-11,19.16551724137931,2.110344827586207
301,VIC-Ballarat Aerodrome ,2019-12,25.14137931034483,0.18620689655172412
302,VIC-Ballarat Aerodrome ,2020-01,26.31290322580646,2.2580645161290325
303,VIC-Ballarat Aerodrome ,2020-02,23.379310344827584,1.572413793103448
304,VIC-Ballarat Aerodrome ,2020-03,22.02903225806451,0.8774193548387097
305,VIC-Ballarat Aerodrome ,2020-04,16.193333333333335,3.4666666666666672
306,VIC-Ballarat Aerodrome ,2020-05,12.970967741935487,2.0451612903225813
307,VIC-Ballarat Aerodrome ,2020-06,11.36,1.544
308,VIC-Bendigo Airport ,2019-05,16.593548387096774,2.2193548387096778
309,VIC-Bendigo Airport ,2019-06,13.830000000000004,2.3200000000000003
310,VIC-Bendigo Airport ,2019-07,13.31,1.16
311,VIC-Bendigo Airport ,2019-08,13.53214285714286,1.192857142857143
312,VIC-Bendigo Airport ,2019-09,17.05,1.0533333333333332
313,VIC-Bendigo Airport ,2019-10,23.31612903225807,0.34838709677419355
314,VIC-Bendigo Airport ,2019-11,24.619999999999994,1.2866666666666668
315,VIC-Bendigo Airport ,2019-12,31.1,0.12258064516129032
316,VIC-Bendigo Airport ,2020-01,30.9,1.6064516129032258
317,VIC-Bendigo Airport ,2020-02,28.865517241379308,0.6896551724137929
318,VIC-Bendigo Airport ,2020-03,25.27096774193548,1.5161290322580645
319,VIC-Bendigo Airport ,2020-04,18.943333333333335,4.453333333333334
320,VIC-Bendigo Airport ,2020-05,15.299999999999999,1.6838709677419357
321,VIC-Bendigo Airport ,2020-06,13.851999999999997,1.2639999999999998
322,VIC-Melbourne (Olympic Park) ,2019-05,17.81935483870968,1.7225806451612902
323,VIC-Melbourne (Olympic Park) ,2019-06,15.473333333333334,1.66
324,VIC-Melbourne (Olympic Park) ,2019-07,15.000000000000005,1.4580645161290324
325,VIC-Melbourne (Olympic Park) ,2019-08,14.474193548387097,1.6580645161290326
326,VIC-Melbourne (Olympic Park) ,2019-09,17.756666666666668,1.3666666666666667
327,VIC-Melbourne (Olympic Park) ,2019-10,21.325806451612905,0.7741935483870966
328,VIC-Melbourne (Olympic Park) ,2019-11,21.79333333333333,1.8133333333333332
329,VIC-Melbourne (Olympic Park) ,2019-12,24.554838709677416,0.19999999999999998
330,VIC-Melbourne (Olympic Park) ,2020-01,26.93548387096774,3.7161290322580642
331,VIC-Melbourne (Olympic Park) ,2020-02,24.40689655172414,2.627586206896552
332,VIC-Melbourne (Olympic Park) ,2020-03,22.9258064516129,2.2903225806451615
333,VIC-Melbourne (Olympic Park) ,2020-04,19.31333333333333,4.613333333333334
334,VIC-Melbourne (Olympic Park) ,2020-05,16.367741935483874,2.1548387096774193
335,VIC-Melbourne (Olympic Park) ,2020-06,14.983333333333329,1.15
336,WA-Albany ,2019-05,18.690322580645166,0.9999999999999998
337,WA-Albany ,2019-06,17.57333333333333,3.406666666666667
338,WA-Albany ,2019-07,16.783870967741937,4.380645161290322
339,WA-Albany ,2019-08,17.880645161290325,3.8419354838709676
340,WA-Albany ,2019-09,19.333333333333336,1.44
341,WA-Albany ,2019-10,19.25161290322581,1.8193548387096774
342,WA-Albany ,2019-11,19.386666666666667,1.6000000000000003
343,WA-Albany ,2019-12,23.38076923076923,0.15384615384615385
344,WA-Albany ,2020-01,22.219999999999995,0.39333333333333337
345,WA-Albany ,2020-02,23.372413793103448,0.5310344827586206
346,WA-Albany ,2020-03,23.17777777777778,1.5037037037037038
347,WA-Albany ,2020-04,20.268749999999997,2.3000000000000003
348,WA-Albany ,2020-05,18.973333333333333,6.953333333333334
349,WA-Albany ,2020-06,18.867999999999995,3.168
350,WA-Broome Airport ,2019-05,34.56774193548387,0.0
351,WA-Broome Airport ,2019-06,30.506666666666664,0.0
352,WA-Broome Airport ,2019-07,31.29677419354839,0.03870967741935484
353,WA-Broome Airport ,2019-08,31.853333333333335,0.020000000000000004
354,WA-Broome Airport ,2019-09,32.28333333333333,0.06666666666666667
355,WA-Broome Airport ,2019-10,33.567741935483866,0.03225806451612903
356,WA-Broome Airport ,2019-11,36.86,0.010000000000000002
357,WA-Broome Airport ,2019-12,36.703225806451606,1.1612903225806452
358,WA-Broome Airport ,2020-01,33.34193548387096,10.74838709677419
359,WA-Broome Airport ,2020-02,33.741379310344826,2.36551724137931
360,WA-Broome Airport ,2020-03,34.90322580645162,1.0
361,WA-Broome Airport ,2020-04,34.90357142857143,0.2714285714285714
362,WA-Broome Airport ,2020-05,31.813793103448276,3.3034482758620687
363,WA-Broome Airport ,2020-06,30.920833333333334,0.0
364,WA-Kalgoorlie-Boulder Airport ,2019-05,20.932258064516127,0.3161290322580645
365,WA-Kalgoorlie-Boulder Airport ,2019-06,17.353333333333335,1.3733333333333333
366,WA-Kalgoorlie-Boulder Airport ,2019-07,18.400000000000002,0.12258064516129032
367,WA-Kalgoorlie-Boulder Airport ,2019-08,19.32758620689655,0.710344827586207
368,WA-Kalgoorlie-Boulder Airport ,2019-09,26.11666666666666,0.013333333333333334
369,WA-Kalgoorlie-Boulder Airport ,2019-10,29.838709677419356,0.07096774193548387
370,WA-Kalgoorlie-Boulder Airport ,2019-11,32.02,0.006666666666666667
371,WA-Kalgoorlie-Boulder Airport ,2019-12,37.17096774193548,0.4387096774193549
372,WA-Kalgoorlie-Boulder Airport ,2020-01,34.196774193548386,0.6000000000000001
373,WA-Kalgoorlie-Boulder Airport ,2020-02,31.948275862068964,2.1448275862068966
374,WA-Kalgoorlie-Boulder Airport ,2020-03,29.48666666666667,0.08666666666666667
375,WA-Kalgoorlie-Boulder Airport ,2020-04,27.523333333333337,0.006666666666666667
376,WA-Kalgoorlie-Boulder Airport ,2020-05,20.948148148148146,0.19259259259259257
377,WA-Kalgoorlie-Boulder Airport ,2020-06,19.827272727272728,0.33636363636363636
378,WA-Perth Metro ,2019-05,22.196774193548386,0.5741935483870967
379,WA-Perth Metro ,2019-06,19.803448275862067,7.3103448275862055
380,WA-Perth Metro ,2019-07,19.322580645161285,3.5032258064516126
381,WA-Perth Metro ,2019-08,20.183870967741935,3.6838709677419357
382,WA-Perth Metro ,2019-09,22.863333333333337,1.0466666666666666
383,WA-Perth Metro ,2019-10,24.09333333333333,0.5933333333333334
384,WA-Perth Metro ,2019-11,29.08333333333333,0.6133333333333333
385,WA-Perth Metro ,2019-12,33.32413793103448,0.08275862068965519
386,WA-Perth Metro ,2020-01,30.47741935483871,0.0967741935483871
387,WA-Perth Metro ,2020-02,32.3344827586207,1.1862068965517243
388,WA-Perth Metro ,2020-03,29.738709677419354,1.0580645161290323
389,WA-Perth Metro ,2020-04,26.38666666666666,0.44
390,WA-Perth Metro ,2020-05,22.016129032258068,3.5999999999999996
391,WA-Perth Metro ,2020-06,21.684615384615384,2.553846153846154
